,698042345.0,698077857.0,698086962.0,698504012.0,698509705.0,698570301.0,698586385.0,698614902.0,698636803.0,698725237.0,699448311.0,699788826.0,699805220.0,700105125.0,700161354.0,700162028.0,700193566.0,700193920.0,700278065.0,700334729.0,700341279.0,700341530.0,700357513.0,700390241.0,700413526.0,700455340.0,700470340.0,700658027.0,700661679.0,700674095.0,700729949.0,701072703.0,701073003.0,701073396.0,701075567.0,701077452.0,701140434.0,701141837.0,701148434.0,701152294.0,701155312.0,701239541.0,701605755.0,701630221.0,701684250.0,701750976.0,701751335.0,702027710.0,702051128.0,702062326.0,702082762.0,702100037.0,702124545.0,703141516.0,703154406.0,703158517.0,703165931.0,703169690.0,703192181.0,703201141.0,703213088.0,703213182.0,703219562.0,703231431.0,703232472.0,703238991.0,703267286.0,703267355.0,703270805.0,703271595.0,703271625.0,703274690.0,703274727.0,703275551.0,703276947.0,703283610.0,703286461.0,703288237.0,703443928.0,703512183.0,703565379.0,703570927.0,703591588.0,703610080.0,703660316.0,703963200.0,703972537.0,703992393.0,704012357.0,704012705.0,704047023.0,704047351.0,704070516.0,704071039.0,704077752.0,704086017.0,704115865.0,704261937.0,704272923.0,704280075.0,704284060.0,704285908.0,704394422.0,704402841.0,704410009.0,704411495.0,704422207.0,704444653.0,704462624.0,704482491.0,704500129.0,704531371.0,704576178.0,704652028.0,704670940.0,704701827.0,704728420.0,704745296.0,704755753.0,704759134.0,704760377.0,704762338.0,704768671.0,704769317.0,704985586.0,705173927.0,705179319.0,705209114.0,705215172.0,705217315.0,705220380.0,705245410.0,705266559.0,705268919.0,705278421.0,705291850.0,705570328.0,705585853.0,705593515.0,705617133.0,705624869.0,705642036.0,705649721.0,705657401.0,705663823.0,705710648.0,705765534.0,705817510.0,705853382.0,705853493.0,705855283.0,705858348.0,705875798.0,705887968.0,705889505.0,706159288.0
adapt,0.007915407266619306,-0.012829223404755941,0.012127708643051285,0.005060879276190971,,0.0025272931279647875,0.0027132740420742095,0.004001256524734523,0.0028219081128308017,,0.00014519417834984915,0.0019139729260630592,0.0017314333789882916,0.0030009992687331562,0.010770964039441189,0.08663747290492123,0.015540880146197943,0.018398935419854497,0.011147083505424588,0.02203887137857566,0.032281004974504084,0.19220437966769413,0.5553556915442297,0.03197522326233569,0.026282300879316097,0.03726507658321656,0.18091572100023157,0.07859641416120085,0.0686516434045931,0.13331794616205045,,0.055913650627632976,0.2553917197141721,0.10333397552627513,0.05536981524941175,0.04046902960965193,0.002387045149602378,0.016328284717375803,0.0050042056511704226,-0.008893608202700673,0.006053400876788349,0.06837960963722559,-0.00399680255794877,,-0.0011341346214028044,0.22914985528008222,0.019490401097750607,0.041922847420433715,0.029091843006412016,0.31668624910397597,0.16408452210450564,0.015384800305164325,0.05096749006271036,0.04967167407452361,0.12285642289024626,0.14330053441478852,0.05174272001545988,0.002114099161826485,0.3092676154113146,0.20341702505795242,0.007769315994363474,0.0011909385598046786,0.14916700819427683,0.20739762219286229,0.30776562770784277,0.13990444717831874,0.07325350425837099,0.056318035925641476,,0.0002546381586943148,0.009717500820449239,0.02329330021280557,,0.02843789766419527,0.08576149841049925,0.03538832207020344,0.31105865262393106,0.11028063539035787,0.00262539605250177,0.28855198394014786,,0.09619814598250336,0.028228904801671124,0.019137729560097433,0.018948361342346728,,0.39560450294578153,0.029190474932573054,0.39475774424146004,0.2010543973160822,0.021628414741169957,0.02732136539459421,,0.010275900674470996,-0.07346783403121379,0.04252199413489109,0.013714472820303518,0.014510535115943681,0.029427244713817885,0.06507769879298157,0.023243525976246876,0.022489157358110818,0.019210167056268632,0.025793105006678557,0.19565789416245813,0.2541090735953541,0.03700255239433201,0.17560422960725025,0.061952182060845566,0.5693410366288586,,0.05463800229311404,0.0010654658105577531,0.29755283648498765,0.003480386419210681,0.04362840848404025,0.0027910258600065876,-5.4381510469062304e-05,-0.00704656306497229,0.17009776790872644,0.004497607973565447,0.0010213215038855237,0.004538925874448338,0.14669502657082162,0.028802621524719022,,0.0034263315180791763,0.376042403827073,0.008611420511125295,0.5079617834394896,0.01750020893794512,,0.026802092699520396,0.35828130049435164,0.010196404519945506,0.06631848304239865,0.01919766901382969,0.05191048842190217,0.29531748807719416,0.15343267064939423,,0.29915966386554466,0.04158487101767105,0.06318327957951965,0.07121364843640733,0.022987889193751845,0.021301402381487936,0.11901441638301744,0.17490232130544694,0.2335818467540861,0.03254006902068673,-0.00029459506722775714,0.17696483043077776,-0.2397872687360683,0.049866429207477976,
avg_rate,42.00084001680034,53.00106002120043,12.000240004800098,29.000580011600235,2.0000400008000163,64.00128002560052,68.00136002720055,16.00032000640013,52.001040020800424,1.0000200004000082,94.00188003760077,95.00190003800077,63.001260025200516,34.000680013600274,22.00044000880018,16.00032000640013,13.000260005200106,25.000500010000202,24.000480009600196,18.000360007200147,16.00032000640013,9.000180003600073,4.000080001600033,11.00022000440009,23.000460009200186,16.00032000640013,10.000200004000082,11.00022000440009,6.000120002400049,6.000120002400049,2.0000400008000163,13.000260005200106,4.000080001600033,9.000180003600073,11.00022000440009,11.00022000440009,93.00186003720076,28.00056001120023,15.000300006000122,11.00022000440009,11.00022000440009,11.00022000440009,3.0000600012000245,2.0000400008000163,11.00022000440009,8.000160003200065,29.000580011600235,12.000240004800098,16.00032000640013,5.000100002000041,4.000080001600033,22.00044000880018,9.000180003600073,14.000280005600114,11.00022000440009,4.000080001600033,15.000300006000122,70.00140002800057,3.0000600012000245,8.000160003200065,17.000340006800137,66.00132002640053,5.000100002000041,3.0000600012000245,6.000120002400049,13.000260005200106,10.000200004000082,6.000120002400049,2.0000400008000163,118.00236004720097,32.00064001280026,19.000380007600153,1.0000200004000082,20.000400008000163,6.000120002400049,6.000120002400049,3.0000600012000245,8.000160003200065,70.00140002800057,6.000120002400049,2.0000400008000163,5.000100002000041,15.000300006000122,18.000360007200147,22.00044000880018,2.0000400008000163,4.000080001600033,10.000200004000082,3.0000600012000245,3.0000600012000245,15.000300006000122,12.000240004800098,2.0000400008000163,20.000400008000163,3.0000600012000245,3.0000600012000245,20.000400008000163,33.00066001320027,21.00042000840017,8.000160003200065,19.000380007600153,25.000500010000202,16.00032000640013,19.000380007600153,8.000160003200065,4.000080001600033,14.000280005600114,3.0000600012000245,16.00032000640013,4.000080001600033,2.0000400008000163,12.000240004800098,53.00106002120043,3.0000600012000245,54.00108002160044,10.000200004000082,31.00062001240025,83.00166003320068,21.00042000840017,5.000100002000041,27.00054001080022,48.00096001920039,24.000480009600196,4.000080001600033,14.000280005600114,2.0000400008000163,41.00082001640033,4.000080001600033,22.00044000880018,3.0000600012000245,17.000340006800137,2.0000400008000163,12.000240004800098,4.000080001600033,31.00062001240025,7.000140002800057,24.000480009600196,9.000180003600073,4.000080001600033,8.000160003200065,2.0000400008000163,3.0000600012000245,14.000280005600114,13.000260005200106,17.000340006800137,17.000340006800137,20.000400008000163,16.00032000640013,3.0000600012000245,6.000120002400049,16.00032000640013,77.00154003080063,9.000180003600073,5.000100002000041,3.0000600012000245,2.0000400008000163
first_isi,0.007519999999999971,0.07490000000000019,0.010720000000000063,0.009000000000000119,0.34674000000000005,0.011519999999999975,0.011780000000000124,0.016900000000000137,0.012240000000000029,,0.011339999999999906,0.009239999999999915,0.01438000000000006,0.021039999999999948,0.03793999999999986,0.018079999999999874,0.06247999999999987,0.02298,0.031140000000000168,0.034379999999999855,0.03285999999999989,0.017800000000000038,0.032420000000000115,0.041039999999999965,0.019359999999999822,0.025560000000000027,0.021239999999999926,0.022739999999999982,0.03828000000000009,0.07174000000000014,0.05618000000000012,0.028999999999999915,0.03832000000000013,0.04432000000000014,0.03815999999999997,0.05352000000000001,0.008499999999999952,0.021379999999999955,0.0593999999999999,0.09907999999999983,0.08053999999999983,0.026860000000000106,0.02511999999999981,0.03831999999999991,0.08377999999999997,0.01093999999999995,0.013600000000000056,0.04137999999999997,0.03822000000000014,0.028759999999999897,0.03283999999999998,0.029139999999999944,0.05337999999999998,0.026000000000000023,0.024359999999999937,0.02383999999999986,0.023199999999999887,0.00753999999999988,0.01990000000000003,0.015800000000000036,0.02084000000000019,0.012480000000000047,0.027039999999999953,0.01200000000000001,0.03166000000000002,0.005139999999999922,0.005980000000000096,0.017400000000000082,0.053080000000000016,0.008520000000000083,0.014880000000000004,0.031119999999999814,,0.018919999999999826,0.018839999999999968,0.04065999999999992,0.037940000000000085,0.005719999999999947,0.009539999999999882,0.01415999999999995,0.010299999999999976,0.04088000000000003,0.0416399999999999,0.03838000000000008,0.030119999999999925,0.052240000000000064,0.018160000000000176,0.02516000000000007,0.022860000000000102,0.033339999999999925,0.03702000000000005,0.04052000000000011,0.015920000000000156,0.024319999999999897,0.028200000000000003,0.013060000000000072,0.04044000000000003,0.01544000000000012,0.015519999999999978,0.018880000000000008,0.030019999999999936,0.014960000000000084,0.04400000000000004,0.029120000000000035,0.017400000000000082,0.03645999999999994,0.04170000000000007,0.04366000000000003,0.018199999999999994,0.042259999999999964,0.026260000000000172,0.03632000000000013,0.018100000000000005,0.025259999999999838,0.014399999999999968,0.032259999999999955,0.01205999999999996,0.011840000000000073,0.012939999999999952,0.02088000000000001,0.015740000000000087,0.012840000000000185,0.039039999999999964,0.038679999999999826,0.03376000000000001,0.019320000000000004,0.01981999999999995,0.04858000000000007,0.02425999999999995,0.01854,0.03078000000000003,0.02181999999999995,0.03636000000000017,0.02285999999999988,0.02405999999999997,0.09528000000000003,0.023440000000000127,0.028040000000000065,0.03961999999999999,0.025979999999999892,0.008599999999999941,0.033360000000000056,0.03187999999999991,0.0242,0.008280000000000065,0.039140000000000175,0.029060000000000086,0.008680000000000021,0.03590000000000004,0.04352,0.026939999999999964,0.020340000000000025,0.032200000000000006,0.07801999999999998,0.04268000000000005,0.03312000000000004
isi_cv,0.13973249833806026,1.8198418074680238,0.08491874299996846,0.11901290457478855,0.0,0.12932102562479175,0.12151462973536342,0.09180342854934455,0.18094995174648115,,0.07573841603908325,0.17114195648711394,0.11925685970544488,0.09919385268740552,0.15369770792729068,0.8034015997283628,0.0989351208691386,0.20655316983174582,0.12896100480590372,0.211750634975522,0.18746721491885918,1.2396803916658135,0.7883303174836881,0.746537409316406,0.3191060236487666,0.30825820480462324,1.917888172435527,0.5288536037587439,0.8719297062004884,0.4168320094294725,0.0,0.3359593370486706,0.4492166527313978,0.49297570973157445,0.2182974030868038,0.26401649982174685,0.2375277957066042,0.23626895147795562,0.04675101626688562,0.06677323130369604,0.060073995173666725,0.4415135277315813,0.00399680255794877,0.0,0.04477380500945476,0.8325135743480434,0.3561869883987203,0.28847415184398545,0.24781953268311083,1.0336734852972331,0.28033836898514186,0.17407612937998249,0.2934340395287712,0.35669211826366387,0.615438505149111,0.2318579408271138,0.30788094626212464,1.2240252410119767,0.3092676154113146,1.1583858846983506,0.1765667943691217,0.0840645686368551,0.3836590211845753,0.20739762219286229,1.1759235459843485,0.5691212243526663,0.3225010320778486,0.1668528677333217,0.0,0.0679677594287396,0.41599137438210865,0.22591459890143434,,0.6530097822511814,0.26327067790003705,0.09855326001349064,0.31105865262393106,0.4378497283797305,0.1385837181731646,1.1511859997626,0.0,0.23526140522304886,0.18883206998905483,0.17023784093992242,0.21865452828873616,0.0,0.5669862720857392,1.0691760234520549,0.39475774424146004,0.2010543973160822,0.19339289138808086,0.2300524044488108,0.0,0.7138257767778438,0.07346783403121379,0.04252199413489109,0.1535308782799515,0.2219863150059077,0.3589525249925451,0.27606830774331875,0.1943860101722601,0.30191735945137127,0.14248415599585862,0.21650546840680535,1.1893442611858958,0.7805784696987971,0.28496836033667644,0.17560422960725025,0.3798748137513952,1.0732369327472526,0.0,0.3166469540399375,0.09183716650808119,0.29755283648498765,0.16207642409097558,0.24866517311740818,0.06062147864511226,0.05209813057104623,0.2445911267610014,0.35420839605666243,0.11201125322448689,1.9208478219555094,0.07135441072017616,0.24249689851444756,0.20341854897990522,0.0,0.06488330110935386,0.5787017502599588,0.1397118325556454,0.5079617834394896,0.1823823365829641,0.0,0.7775926236611574,0.8941198224105901,0.20851683703273072,0.21458862614236654,0.22788884616145158,0.9090614955911087,0.44081733714340227,0.712003473850326,0.0,0.29915966386554466,0.33982671956195193,0.3274369899523418,0.3401135313131953,0.20566530927432713,0.2209007408235093,1.2279201896607916,0.17490232130544694,0.5931308945451538,0.4390546867050136,0.17529737337635368,1.140550949961901,0.9011555649976862,0.049866429207477976,0.0
latency,0.04909999999999992,0.0053399999999999,0.013539999999999885,0.046459999999999946,0.06611999999999996,0.015859999999999985,0.010019999999999918,0.03801999999999994,0.007500000000000062,0.0036400000000000876,0.005800000000000027,0.007759999999999989,0.010240000000000027,0.015660000000000007,0.017300000000000093,0.01546000000000003,0.061900000000000066,0.012480000000000047,0.016759999999999886,0.03434000000000004,0.030399999999999983,0.024939999999999962,0.011619999999999964,0.01974000000000009,0.013740000000000085,0.009239999999999915,0.019320000000000004,0.009700000000000042,0.042059999999999986,0.04509999999999992,0.014399999999999968,0.03604000000000007,0.027539999999999898,0.03373999999999988,0.05186000000000002,0.05454000000000003,0.00784000000000007,0.019239999999999924,0.050920000000000076,0.06458000000000008,0.03994000000000009,0.03279999999999994,0.013740000000000085,0.05225999999999997,0.06342000000000003,0.024960000000000093,0.01083999999999996,0.028159999999999963,0.03601999999999994,0.02428000000000008,0.03269999999999995,0.026599999999999957,0.056519999999999904,0.02181999999999995,0.01088,0.026680000000000037,0.032340000000000035,0.0036599999999999966,0.01977999999999991,0.019560000000000022,0.019879999999999898,0.007859999999999978,0.022359999999999935,0.00990000000000002,0.0424199999999999,0.03483999999999998,0.01963999999999988,0.027099999999999902,0.035660000000000025,0.007419999999999982,0.0045999999999999375,0.02740000000000009,0.0121,0.019500000000000073,0.018159999999999954,0.03264,0.023859999999999992,0.02082000000000006,0.008960000000000079,0.008180000000000076,0.006359999999999921,0.03815999999999997,0.049819999999999975,0.02517999999999998,0.03313999999999995,0.040999999999999925,0.03265999999999991,0.01303999999999994,0.018079999999999874,0.026499999999999968,0.03473999999999999,0.036759999999999904,0.011439999999999895,0.017840000000000078,0.016799999999999926,0.012459999999999916,0.031239999999999934,0.016059999999999963,0.01654,0.01639999999999997,0.019379999999999953,0.01761999999999997,0.029900000000000038,0.028059999999999974,0.020100000000000007,0.008480000000000043,0.04709999999999992,0.05241999999999991,0.022659999999999902,0.038040000000000074,0.01519999999999988,0.032259999999999955,0.051080000000000014,0.007160000000000055,0.016040000000000054,0.036640000000000006,0.010000000000000009,0.007439999999999891,0.00985999999999998,0.023500000000000076,0.016159999999999952,0.007199999999999873,0.03064,0.037800000000000056,0.03308,0.012539999999999996,0.017859999999999987,0.009199999999999875,0.04536000000000007,0.028340000000000032,0.017639999999999878,0.010159999999999947,0.014459999999999917,0.01438000000000006,0.018939999999999957,0.08065999999999995,0.03065999999999991,0.018199999999999994,0.10021999999999998,0.02210000000000001,0.02532000000000001,0.02517999999999998,0.03166000000000002,0.027160000000000073,0.02845999999999993,0.05027999999999988,0.02195999999999998,0.03761999999999999,0.026019999999999932,0.033600000000000074,0.017859999999999987,0.01200000000000001,0.03617999999999988,0.006939999999999946,0.04044000000000003,0.0327599999999999
mean_isi,0.013206341463414635,0.011048461538461542,0.012456363636363649,0.011195714285714285,0.34674000000000005,0.01545015873015873,0.014702985074626867,0.019119999999999995,0.014798823529411764,,0.010614193548387094,0.010475319148936168,0.015751612903225805,0.02309454545454545,0.04527619047619047,0.06535333333333335,0.07605166666666667,0.03977166666666667,0.04092521739130435,0.055062352941176465,0.06454666666666668,0.1025675,0.20460000000000003,0.09512999999999998,0.04370090909090909,0.06448666666666666,0.10256000000000001,0.09856400000000001,0.18570799999999998,0.17914400000000003,0.05618000000000012,0.07438833333333333,0.06773333333333335,0.11711750000000001,0.09126399999999998,0.087632,0.01068804347826087,0.03587407407407407,0.06323285714285713,0.090462,0.08757599999999999,0.048971999999999995,0.02501999999999993,0.03831999999999991,0.08602999999999998,0.1369428571428571,0.033825,0.06730181818181818,0.060024,0.09314499999999998,0.046226666666666714,0.04431047619047619,0.10685250000000002,0.07494307692307693,0.09476599999999999,0.03283999999999998,0.0645,0.014370434782608693,0.028810000000000002,0.1215542857142857,0.02216375000000001,0.015169846153846154,0.04114000000000001,0.015139999999999931,0.147764,0.07701166666666666,0.013588888888888897,0.022912,0.053080000000000016,0.008475555555555556,0.03164838709677419,0.05100222222222222,,0.04770736842105263,0.03256800000000002,0.045892,0.05506999999999995,0.01200571428571427,0.014237391304347827,0.12378399999999998,0.010299999999999976,0.052474999999999994,0.06588428571428571,0.05439411764705883,0.045364761904761894,0.052240000000000064,0.059893333333333354,0.09205555555555556,0.03777000000000008,0.041730000000000045,0.05749428571428572,0.05804909090909092,0.015920000000000156,0.03929368421052631,0.026270000000000016,0.013639999999999985,0.04890736842105264,0.029756875000000002,0.029833,0.035939999999999986,0.05243333333333333,0.034030000000000005,0.06418666666666667,0.05100222222222222,0.13496,0.06755333333333328,0.07089384615384617,0.05296000000000001,0.05995466666666668,0.27742666666666665,0.026260000000000172,0.06279818181818181,0.018175384615384614,0.03595999999999999,0.018251320754716978,0.04529999999999999,0.013642666666666662,0.012010243902439027,0.011380999999999997,0.03925999999999996,0.017665384615384618,0.020869787234042557,0.041762608695652174,0.053006666666666646,0.057144615384615384,0.019320000000000004,0.023907499999999998,0.2662466666666667,0.029826666666666658,0.037679999999999936,0.04424750000000001,0.02181999999999995,0.08560545454545455,0.06183333333333333,0.031191333333333335,0.15214666666666665,0.041019130434782614,0.10990249999999999,0.08944666666666667,0.11913142857142857,0.008599999999999941,0.047599999999999976,0.0695323076923077,0.07506499999999999,0.05721625000000001,0.058285000000000003,0.05043368421052632,0.055884,0.04351000000000005,0.15385999999999997,0.06303066666666667,0.012933684210526314,0.11686750000000001,0.030469999999999997,0.04491999999999996,0.03312000000000004
median_isi,0.013559999999999794,0.006850000000000134,0.01305999999999985,0.011359999999999926,0.34674000000000005,0.01550000000000007,0.014839999999999964,0.01854,0.014580000000000037,,0.010639999999999983,0.010360000000000036,0.01544000000000001,0.023419999999999996,0.04289999999999994,0.04496000000000011,0.07706999999999997,0.04291999999999996,0.04161999999999999,0.053300000000000125,0.06657999999999986,0.04147000000000001,0.16111999999999993,0.07581000000000004,0.044600000000000084,0.06367999999999996,0.025660000000000016,0.10823000000000016,0.12187999999999999,0.18002000000000007,0.05618000000000012,0.07873000000000008,0.055239999999999956,0.11124,0.09623999999999999,0.0976499999999999,0.010379999999999945,0.03601999999999994,0.06361000000000006,0.09157999999999988,0.0866499999999999,0.04209000000000007,0.02501999999999993,0.03831999999999991,0.08428000000000002,0.1092200000000001,0.032340000000000035,0.06468000000000007,0.05530000000000013,0.042220000000000035,0.04208000000000012,0.046659999999999924,0.11394000000000004,0.08708000000000005,0.0998500000000001,0.03222000000000014,0.06873000000000007,0.010600000000000165,0.028810000000000002,0.05027999999999988,0.021159999999999957,0.014839999999999964,0.035250000000000004,0.015139999999999931,0.06766000000000005,0.09206000000000003,0.015740000000000087,0.024540000000000006,0.053080000000000016,0.008560000000000123,0.03069999999999995,0.05120000000000002,,0.04610000000000003,0.037760000000000016,0.044359999999999955,0.05506999999999995,0.01201999999999992,0.014800000000000146,0.04127999999999998,0.010299999999999976,0.04791999999999996,0.06664999999999999,0.0535000000000001,0.04381999999999997,0.052240000000000064,0.0601799999999999,0.047880000000000145,0.03777000000000008,0.041730000000000045,0.059740000000000015,0.0563800000000001,0.015920000000000156,0.03381999999999996,0.026270000000000016,0.013639999999999985,0.046559999999999935,0.030429999999999957,0.02642,0.040059999999999985,0.053609999999999935,0.032339999999999924,0.0646199999999999,0.05202999999999991,0.04635999999999996,0.03645999999999994,0.06888000000000005,0.05296000000000001,0.06459999999999999,0.09251999999999994,0.026260000000000172,0.05615999999999999,0.018020000000000036,0.03595999999999999,0.018059999999999965,0.04356000000000004,0.013760000000000105,0.012000000000000122,0.010680000000000023,0.038759999999999906,0.016980000000000106,0.013779999999999903,0.04200000000000004,0.05048000000000008,0.06015999999999999,0.019320000000000004,0.02399999999999991,0.36637999999999993,0.029279999999999973,0.037679999999999936,0.04616999999999993,0.02181999999999995,0.06059999999999999,0.02285999999999988,0.030490000000000017,0.16262999999999994,0.040079999999999893,0.05054000000000003,0.0926800000000001,0.09592,0.008599999999999941,0.047599999999999976,0.07486000000000015,0.07865999999999995,0.06308999999999987,0.05896999999999997,0.05284,0.020440000000000014,0.04351000000000005,0.12539999999999996,0.05891999999999986,0.012450000000000072,0.06884000000000001,0.015050000000000008,0.04491999999999996,0.03312000000000004
stim_amp,350.0,320.0,410.0,420.0,200.0,310.0,280.0,300.0,280.0,360.0,420.0,360.0,320.0,170.0,119.99999237060547,80.0,160.0,70.0,200.0,70.0,200.0,90.0,180.0,140.0,80.0,320.0,119.99999237060547,50.0,90.0,59.999996185302734,130.0,59.999996185302734,90.0,100.0,119.99999237060547,100.0,420.0,119.99999237060547,210.0,300.0,230.0,119.99999237060547,80.0,90.0,310.0,150.0,180.0,150.0,140.0,119.99999237060547,190.0,119.99999237060547,80.0,59.999996185302734,70.0,110.0,90.0,80.0,180.0,220.0,249.99998474121094,150.0,119.99999237060547,190.0,160.0,90.0,70.0,230.0,140.0,280.0,50.0,80.0,190.0,200.0,59.999996185302734,200.0,119.99999237060547,70.0,370.0,100.0,440.0,130.0,119.99999237060547,59.999996185302734,100.0,119.99999237060547,90.0,90.0,150.0,160.0,140.0,100.0,239.99998474121094,130.0,210.0,190.0,80.0,80.0,70.0,100.0,100.0,100.0,130.0,119.99999237060547,100.0,210.0,180.0,160.0,110.0,160.0,140.0,180.0,300.0,70.0,160.0,119.99999237060547,270.0,160.0,469.9999694824219,130.0,160.0,110.0,119.99999237060547,110.0,100.0,90.0,249.99998474121094,70.0,160.0,110.0,90.0,119.99999237060547,90.0,200.0,119.99999237060547,119.99999237060547,90.0,140.0,360.0,150.0,119.99999237060547,160.0,110.0,130.0,100.0,119.99999237060547,80.0,100.0,119.99999237060547,100.0,110.0,180.0,170.0,300.0,150.0,180.0
threshold_v,-25.593751907348633,-46.09375,-35.65625,-35.437503814697266,-52.218753814697266,-31.90625,-28.0,-30.687501907348633,-28.812501907348633,-33.40625,-42.65625,-45.53125,-27.218751907348633,-28.468751907348633,-33.25,-36.375,-28.75,-42.875003814697266,-36.500003814697266,-38.562503814697266,-38.625,-28.875,-32.500003814697266,-30.625,-31.5,-43.0625,-35.531253814697266,-39.5,-35.218753814697266,-33.5625,-37.750003814697266,-38.90625,-30.406251907348633,-40.34375,-31.1875,-33.71875,-43.0625,-40.5,-37.937503814697266,-26.84375,-37.5,-35.062503814697266,-44.5,-27.843751907348633,-29.000001907348633,-36.406253814697266,-45.15625,-36.250003814697266,-41.031253814697266,-32.46875,-33.40625,-41.40625,-39.906253814697266,-42.59375,-39.15625,-37.593753814697266,-42.468753814697266,-48.625003814697266,-42.03125,-45.0625,-32.031253814697266,-32.46875,-45.968753814697266,-40.875003814697266,-39.5625,-37.71875,-39.78125,-36.562503814697266,-37.71875,-35.90625,-45.0,-33.781253814697266,-35.468753814697266,-38.84375,-21.625001907348633,-36.187503814697266,-37.90625,-39.937503814697266,-40.968753814697266,-47.906253814697266,-45.875,-30.968751907348633,-38.125,-37.875,-38.093753814697266,-30.46875,-35.468753814697266,-42.53125,-46.781253814697266,-34.53125,-37.90625,-32.031253814697266,-44.65625,-34.187503814697266,-37.40625,-43.656253814697266,-37.15625,-39.375003814697266,-34.343753814697266,-38.656253814697266,-23.468751907348633,-33.8125,-39.3125,-37.593753814697266,-36.500003814697266,-31.875003814697266,-27.3125,-36.187503814697266,-39.40625,-33.468753814697266,-40.75,-32.968753814697266,-17.843751907348633,-39.375003814697266,-31.281251907348633,-36.84375,-28.15625,-36.406253814697266,-29.718751907348633,-40.03125,-36.000003814697266,-35.062503814697266,-33.65625,-48.375003814697266,-41.593753814697266,-39.593753814697266,-20.843751907348633,-37.09375,-31.281251907348633,-20.21875,-43.0,-50.437503814697266,-44.09375,-46.625003814697266,-36.906253814697266,-34.343753814697266,-40.312503814697266,-41.09375,-30.343751907348633,-43.031253814697266,-42.53125,-38.000003814697266,-44.25,-41.750003814697266,-36.125,-38.656253814697266,-45.15625,-42.218753814697266,-35.531253814697266,-34.28125,-37.25,-40.4375,-35.062503814697266,-31.468751907348633,-36.28125,-45.437503814697266
peak_v,17.093751907348633,26.875,3.0,6.093750476837158,26.781251907348633,15.125000953674316,22.21875,18.15625,16.093751907348633,26.250001907348633,25.156251907348633,16.093751907348633,26.250001907348633,27.906251907348633,27.781251907348633,18.718751907348633,26.0,21.406251907348633,11.875000953674316,25.625001907348633,33.375003814697266,41.750003814697266,21.625001907348633,30.593751907348633,20.687501907348633,41.0,40.5,26.40625,27.656251907348633,43.21875,43.125003814697266,42.65625,48.0,41.21875,43.812503814697266,31.218751907348633,18.15625,25.468751907348633,14.468750953674316,33.375003814697266,13.531250953674316,27.3125,20.406251907348633,39.687503814697266,21.9375,17.21875,10.500000953674316,40.84375,31.0625,23.875001907348633,25.593751907348633,20.281251907348633,38.1875,24.8125,40.75,36.78125,30.968751907348633,20.5,23.781251907348633,31.000001907348633,20.750001907348633,14.0,33.625003814697266,12.750000953674316,34.906253814697266,40.1875,26.5625,23.000001907348633,30.625,20.0625,43.125003814697266,28.343751907348633,15.843750953674316,26.531251907348633,46.312503814697266,35.34375,45.250003814697266,33.0,5.000000476837158,26.937501907348633,14.625000953674316,28.0,34.125,30.937501907348633,39.46875,45.562503814697266,20.375,31.437501907348633,14.781250953674316,38.093753814697266,28.281251907348633,27.875,11.875000953674316,27.093751907348633,25.84375,9.03125,39.875,39.0625,30.531251907348633,29.000001907348633,38.812503814697266,41.96875,34.093753814697266,8.25,23.000001907348633,34.187503814697266,37.062503814697266,39.687503814697266,27.375001907348633,47.625,27.093751907348633,36.500003814697266,10.437500953674316,31.40625,18.5,31.781251907348633,36.968753814697266,9.75,23.65625,34.28125,14.093750953674316,21.625001907348633,32.625,25.500001907348633,32.40625,24.625001907348633,16.5,37.375003814697266,23.343751907348633,60.718753814697266,27.500001907348633,14.375,37.71875,27.875,8.8125,42.937503814697266,37.5,12.750000953674316,22.25,11.093750953674316,15.53125,32.3125,16.3125,37.65625,31.531251907348633,25.4375,32.71875,30.968751907348633,35.687503814697266,36.125,-3.15625,13.156250953674316,20.406251907348633,28.906251907348633,33.781253814697266,22.312501907348633
trough_v,-51.28125,-60.53125,-59.5,-59.03125,-65.6875,-57.093753814697266,-53.90625,-58.093753814697266,-54.937503814697266,-52.343753814697266,-60.000003814697266,-69.09375762939453,-57.34375,-60.031253814697266,-49.53125,-51.968753814697266,-45.375,-56.937503814697266,-50.468753814697266,-56.593753814697266,-59.687503814697266,-36.343753814697266,-41.8125,-43.250003814697266,-43.031253814697266,-42.562503814697266,-43.500003814697266,-54.437503814697266,-52.09375,-52.625003814697266,-53.500003814697266,-50.937503814697266,-47.0625,-53.562503814697266,-45.406253814697266,-47.0625,-65.28125,-58.15625,-58.593753814697266,-47.281253814697266,-58.500003814697266,-54.656253814697266,-64.03125,-49.812503814697266,-52.375003814697266,-47.156253814697266,-52.09375,-54.187503814697266,-64.46875762939453,-45.562503814697266,-46.03125,-60.500003814697266,-54.687503814697266,-53.468753814697266,-49.093753814697266,-54.781253814697266,-59.03125,-65.5625,-60.312503814697266,-58.125003814697266,-57.937503814697266,-53.218753814697266,-55.937503814697266,-60.187503814697266,-55.718753814697266,-56.656253814697266,-50.031253814697266,-57.406253814697266,-52.5625,-57.812503814697266,-52.656253814697266,-51.375,-52.25,-56.031253814697266,-35.5,-60.593753814697266,-54.187503814697266,-44.5,-56.437503814697266,-58.3125,-62.125,-58.406253814697266,-58.0625,-54.5625,-58.750003814697266,-49.53125,-52.593753814697266,-56.843753814697266,-64.3125,-58.500003814697266,-55.000003814697266,-52.687503814697266,-60.468753814697266,-59.03125,-62.343753814697266,-61.406253814697266,-56.46875,-49.53125,-46.718753814697266,-48.281253814697266,-44.218753814697266,-45.656253814697266,-60.812503814697266,-56.500003814697266,-44.843753814697266,-51.093753814697266,-41.78125,-53.406253814697266,-53.312503814697266,-50.937503814697266,-54.3125,-47.281253814697266,-40.968753814697266,-52.0,-50.781253814697266,-58.906253814697266,-51.062503814697266,-61.8125,-53.4375,-61.375003814697266,-62.562503814697266,-50.5,-59.531253814697266,-66.59375,-57.65625,-60.750003814697266,-42.84375,-52.125003814697266,-53.093753814697266,-34.15625,-65.31250762939453,-65.71875762939453,-60.656253814697266,-56.093753814697266,-57.718753814697266,-51.031253814697266,-58.78125,-52.5625,-52.437503814697266,-53.406253814697266,-56.531253814697266,-58.906253814697266,-59.562503814697266,-49.84375,-48.40625,-50.65625,-56.281253814697266,-55.531253814697266,-55.718753814697266,-49.9375,-49.0625,-61.65625,-51.59375,-61.156253814697266,-50.781253814697266,-55.156253814697266
fast_trough_v,-51.21875,-60.437503814697266,-59.468753814697266,-58.968753814697266,-65.59375762939453,-57.03125,-53.781253814697266,-57.875003814697266,-54.750003814697266,-52.218753814697266,-59.8125,-69.03125,-57.093753814697266,-59.937503814697266,-45.875,-51.906253814697266,-40.781253814697266,-56.843753814697266,-47.000003814697266,-54.125003814697266,-59.593753814697266,-36.156253814697266,-41.71875,-39.0,-39.40625,-41.40625,-43.15625,-54.281253814697266,-51.906253814697266,-52.468753814697266,-53.468753814697266,-50.531253814697266,-47.000003814697266,-53.406253814697266,-43.812503814697266,-44.718753814697266,-65.03125,-57.968753814697266,-54.500003814697266,-45.437503814697266,-55.28125,-54.5625,-63.84375,-49.593753814697266,-49.906253814697266,-37.1875,-51.968753814697266,-54.062503814697266,-64.09375,-45.46875,-45.6875,-60.187503814697266,-54.656253814697266,-53.343753814697266,-48.96875,-54.531253814697266,-58.9375,-65.40625762939453,-60.187503814697266,-58.0625,-57.781253814697266,-53.000003814697266,-55.90625,-59.968753814697266,-55.625003814697266,-49.343753814697266,-49.84375,-57.312503814697266,-52.437503814697266,-57.718753814697266,-50.5625,-51.312503814697266,-51.968753814697266,-55.84375,-35.1875,-60.406253814697266,-54.031253814697266,-44.375003814697266,-56.281253814697266,-58.187503814697266,-61.843753814697266,-58.343753814697266,-57.843753814697266,-54.343753814697266,-58.656253814697266,-49.468753814697266,-49.4375,-56.78125,-64.21875,-58.406253814697266,-54.875,-52.593753814697266,-60.343753814697266,-58.906253814697266,-62.312503814697266,-61.25,-56.406253814697266,-46.59375,-46.156253814697266,-47.000003814697266,-35.218753814697266,-45.437503814697266,-60.593753814697266,-56.375003814697266,-44.75,-51.000003814697266,-41.687503814697266,-53.1875,-53.250003814697266,-50.781253814697266,-54.031253814697266,-47.000003814697266,-40.1875,-48.843753814697266,-49.343753814697266,-58.718753814697266,-50.906253814697266,-61.65625,-53.28125,-61.312503814697266,-62.406253814697266,-48.875003814697266,-58.968753814697266,-66.46875,-56.343753814697266,-60.687503814697266,-42.625003814697266,-52.09375,-53.000003814697266,-34.125,-64.84375,-65.50000762939453,-60.562503814697266,-56.0,-57.468753814697266,-44.562503814697266,-58.500003814697266,-52.375003814697266,-52.25,-52.625003814697266,-56.375003814697266,-58.718753814697266,-59.468753814697266,-48.71875,-48.281253814697266,-50.531253814697266,-55.625003814697266,-55.4375,-55.59375,-46.59375,-45.46875,-61.531253814697266,-51.468753814697266,-61.031253814697266,-50.71875,-54.968753814697266
adp_v,,,,,,,,,,,,,,,,,,,,,,,,-38.1875,,-39.8125,,,,,,-44.59375,,,-41.437503814697266,,,,,,,,,,,,,-52.187503814697266,,,,,-48.281253814697266,,-46.09375,,,,,,,,-52.656253814697266,,,,,,,,,-47.500003814697266,,,,,,,,,,,,,,,,,,,,,,,,,,,,,,,,,-43.093753814697266,,,,,,,,,,,,,,,,,,,,,,,,,,,,,,,,,,,,,,,,,-49.593753814697266,,,,,,,,,,
width,0.0004199999999998649,0.00038000000000004697,0.00038000000000004697,0.000400000000000178,0.000360000000000138,0.00038000000000004697,0.0004199999999998649,0.0004199999999998649,0.00043999999999999595,0.000280000000000058,0.00043999999999999595,0.00034000000000000696,0.000460000000000127,0.0006199999999998429,0.0010399999999999299,0.0007199999999998319,0.0015000000000000568,0.000600000000000156,0.0009000000000001229,0.0004999999999999449,0.0006200000000000649,0.0006999999999999229,0.0005399999999999849,0.0007800000000000029,0.0009000000000001229,0.000660000000000105,0.000740000000000185,0.0008200000000000429,0.0006200000000000649,0.0008600000000000829,0.0007399999999999629,0.0007399999999999629,0.000600000000000156,0.000740000000000185,0.0007600000000000939,0.0007800000000000029,0.00034000000000000696,0.00045999999999990493,0.0011399999999999189,0.0012599999999998168,0.0012600000000000389,0.000460000000000127,0.0006800000000000139,0.0007600000000000939,0.0009799999999999809,0.0008599999999998609,0.0008799999999999919,0.0004199999999998649,0.0006200000000000649,0.0006800000000000139,0.000600000000000156,0.0006999999999999229,0.0007800000000000029,0.0008799999999999919,0.0007200000000000539,0.0008399999999999519,0.0005999999999999339,0.00039999999999995595,0.0005399999999999849,0.0006199999999998429,0.00039999999999995595,0.0007199999999998319,0.0005800000000000249,0.00045999999999990493,0.0006999999999999229,0.00048000000000003595,0.0005399999999999849,0.00048000000000003595,0.0006599999999998829,0.0005199999999998539,0.0007600000000000939,0.0005399999999999849,0.00045999999999990493,0.0004999999999999449,0.001000000000000112,0.0005399999999999849,0.0005999999999999339,0.0006200000000000649,0.000520000000000076,0.0005599999999998939,0.0004199999999998649,0.00045999999999990493,0.0006200000000000649,0.000700000000000145,0.0005999999999999339,0.0006399999999999739,0.0006399999999999739,0.0005399999999999849,0.00045999999999990493,0.000460000000000127,0.00048000000000003595,0.000560000000000116,0.0005999999999999339,0.0005199999999998539,0.00042000000000008697,0.00043999999999999595,0.0006199999999998429,0.000700000000000145,0.0008599999999998609,0.0006599999999998829,0.0008999999999999009,0.0006800000000000139,0.0006999999999999229,0.0006399999999999739,0.0005599999999998939,0.00039999999999995595,0.0005599999999998939,0.000660000000000105,0.000600000000000156,0.000520000000000076,0.00043999999999999595,0.0005199999999998539,0.000740000000000185,0.0007800000000000029,0.000560000000000116,0.0003799999999998249,0.00039999999999995595,0.0007200000000000539,0.0003799999999998249,0.0005199999999998539,0.00039999999999995595,0.0004999999999999449,0.0006399999999999739,0.000560000000000116,0.0005599999999998939,0.0005199999999998539,0.0005800000000000249,0.000740000000000185,0.0006399999999999739,0.0004999999999999449,0.0007800000000000029,0.000500000000000167,0.000560000000000116,0.0005399999999999849,0.000700000000000145,0.0009600000000000719,0.0006200000000000649,0.0005800000000000249,0.00039999999999995595,0.0005399999999999849,0.0004999999999999449,0.0006200000000000649,0.0006399999999999739,0.0006800000000000139,0.0005800000000000249,0.0007399999999999629,0.0009599999999998499,0.00048000000000003595,0.0005199999999998539,0.0008799999999999919,0.0009999999999998899,0.00045999999999990493,0.000500000000000167,0.00031999999999987594,0.00048000000000003595,0.0005599999999998939
upstroke_downstroke_ratio,1.1317754147000472,1.2921937121140714,1.270820860866647,1.2885411326594376,1.3311970337716217,1.2424843667693273,1.394523335275689,1.3096991964754359,1.389501830121046,1.2934700215268842,1.6396193923782345,1.3282052230981984,1.4660361382692029,1.3527631771750346,3.0703417694259065,1.920136394219634,4.961283014141278,1.9617717732926212,2.785996779634923,2.011751073492841,2.615666333666411,2.9499926404570496,2.2611649318978646,3.192794264002796,4.226162090213897,3.6778083994007904,3.6933338407753475,2.133842380330691,2.3196908571843315,2.897578647029393,2.891947861984972,2.713171537988157,2.220617246311866,2.6396813856335073,3.4297861366931097,2.6389738882319436,1.3348467003498279,1.8583488373507806,3.5981589850816222,4.226438181568862,3.4848167721705585,1.711428049806692,2.0039058670060084,2.583357494192998,3.7805761425586666,4.974798577226591,2.7221137918231286,1.8426817185546982,2.1898893394029026,2.380052372263243,2.408980332575778,2.1392115986020084,2.592817806138353,2.7610784571373235,2.261960715651905,2.2593481521353005,2.2920824476408646,1.493436134416044,1.6443107106621853,2.399740066091278,1.3133294612394903,0.9401150713459915,2.369342686508087,1.6597850286995346,2.173468874233971,2.161494896678438,2.620055922824658,1.4343043865547938,1.8624782111376763,1.422784975012045,3.4925177682418256,1.7748957719662415,1.7545742797036028,1.8564147856603646,3.0095025174024745,1.7122186756669755,2.215156631426707,3.6477841449137496,1.7902247213084577,2.1693984656172374,1.602362655203572,1.4023674389586749,2.152127146806615,2.6213611490957964,1.8355996444352212,2.4233460965575744,2.124525174515988,2.2404935984327565,1.880506340661688,1.5427177972075237,1.667728230466085,1.6033891057273566,1.9271034035974246,1.5727409664039864,1.589385634721713,1.6280239498542315,1.8462551213621952,4.200866788546805,3.6205417003723808,3.1468103452620726,4.391746027672742,3.095293042779552,2.6724152589362364,1.7363729848473215,2.33349089605148,1.518303881139121,1.964831128578807,2.191216663852962,2.022247580881175,2.0540849332730464,2.0267562830791865,1.9675936490014139,1.8770605385838242,3.2268831260860718,1.5442158664398005,1.429495711614262,1.4459095328373577,0.8508345094347746,1.2264605959248724,1.748677449575523,1.3058088533953585,1.8369430362131651,2.05152187411913,1.7292305158738837,1.9041630596822747,1.6896827995885433,1.8385839179938492,2.7552807087508127,1.501111622461071,2.2512248454171684,2.4222714277353576,1.8551423513267011,1.9690767458809166,2.3079491418336198,2.0340614092574927,2.8522194852789022,2.398783664907258,1.9937881161806004,1.4719095979991126,2.1878996224544895,1.8858185471681845,1.6700578304980116,2.040863773546473,2.8443505188194695,1.866204069490439,2.2406189315852445,3.5758663783862112,2.0949367018628378,2.0435803528046237,2.785867278153771,2.8867088895446495,1.4188479453487652,1.880049669614239,1.1919543979316245,1.682177826283014,2.397595090416932
peak_t,0.63568,0.50664,0.5182,0.62062,0.5678000000000001,0.5332999999999999,0.5191999999999999,0.5573999999999999,0.92764,0.50546,0.50702,0.5123,0.5304599999999999,0.5487199999999999,0.6651799999999999,0.5597399999999999,1.47872,0.5499799999999999,0.5324199999999999,0.75238,0.5562799999999999,0.5826,0.57656,0.58674,0.5609200000000001,0.51248,0.5618399999999999,0.57572,0.6144399999999999,0.7323999999999999,0.52966,0.8048599999999999,0.59718,0.59928,0.6085799999999999,0.7923199999999999,0.5137,0.5547199999999999,0.7256400000000001,0.8348599999999999,1.21926,0.5668599999999999,0.5566599999999999,0.6414599999999999,1.01104,0.59352,0.5180799999999999,0.59636,0.59484,0.5707800000000001,0.58724,0.5855999999999999,0.74854,0.6517,0.53504,0.59266,0.60442,0.50936,0.54024,0.5358399999999999,0.5883400000000001,1.45562,0.54992,0.5174799999999999,0.5911599999999999,0.66404,0.5934599999999999,0.5386199999999999,0.55972,0.5101199999999999,0.5469999999999999,0.6061000000000001,0.5192399999999999,0.5418799999999999,0.67736,0.623,0.5719399999999999,0.58734,0.5115399999999999,0.5173000000000001,0.5083599999999999,0.61284,0.6597999999999999,0.67842,0.58202,0.6169800000000001,0.67546,0.5503800000000001,0.5647599999999999,0.5701400000000001,0.63208,0.6303799999999999,0.51722,0.5959399999999999,0.54346,0.5201199999999999,0.6226400000000001,0.5681799999999999,0.5961000000000001,0.56036,0.55924,0.57368,0.58178,0.59064,0.5502,0.53928,0.6013599999999999,0.63516,0.5596399999999999,0.6006199999999999,0.5367,0.59348,0.6421399999999999,0.55294,0.55412,0.58148,0.5146599999999999,1.09952,0.5514399999999999,0.5538799999999999,0.5488200000000001,0.7279599999999999,0.5671599999999999,0.6888799999999999,0.62774,0.53728,0.5647199999999999,0.5589599999999999,0.5784,0.57362,0.57976,0.5562799999999999,0.5459,0.5203199999999999,0.6003399999999999,0.8880999999999999,0.59768,0.5571999999999999,0.59026,0.5568,0.56402,0.5603799999999999,0.61008,0.5771200000000001,0.59242,0.6758200000000001,0.56966,0.70174,0.55718,0.81806,0.5609200000000001,0.55088,0.5862399999999999,0.5303599999999999,0.63368,0.6099600000000001
fast_trough_t,0.63646,0.5073799999999999,0.5190600000000001,0.6215200000000001,0.5686,0.5341,0.52014,0.5583199999999999,0.92868,0.5060800000000001,0.508,0.5129999999999999,0.53146,0.5499399999999999,0.66822,0.5615399999999999,1.4842399999999998,0.5513399999999999,0.53494,0.75362,0.55768,0.5842,0.57792,0.5885199999999999,0.5634999999999999,0.51396,0.56386,0.57742,0.6158600000000001,0.73428,0.53136,0.8064199999999999,0.59846,0.60104,0.61026,0.7942,0.5144,0.55586,0.73054,0.83986,1.22538,0.5679399999999999,0.5581400000000001,0.643,1.01638,0.5965199999999999,0.5204,0.5972,0.59632,0.57266,0.5888599999999999,0.58728,0.7502599999999999,0.6537599999999999,0.5365599999999999,0.5944400000000001,0.60568,0.5103199999999999,0.5413399999999999,0.5370999999999999,0.5892200000000001,1.45686,0.5513600000000001,0.51864,0.59274,0.6652799999999999,0.59476,0.53958,0.5611599999999999,0.51132,0.5490599999999999,0.6072200000000001,0.52054,0.5430999999999999,0.6798,0.62416,0.57332,0.589,0.51294,0.5186,0.5094399999999999,0.6137999999999999,0.66106,0.67998,0.5833599999999999,0.6185400000000001,0.6770799999999999,0.5516399999999999,0.5658000000000001,0.5710599999999999,0.6330800000000001,0.6315200000000001,0.51884,0.5970599999999999,0.54434,0.52128,0.6239999999999999,0.5705,0.5985799999999999,0.5622199999999999,0.5619399999999999,0.57544,0.5835600000000001,0.5923400000000001,0.5517399999999999,0.5400799999999999,0.60252,0.63656,0.56094,0.6016999999999999,0.5377799999999999,0.59466,0.6444000000000001,0.55514,0.55568,0.5822400000000001,0.51552,1.10066,0.5521799999999999,0.55498,0.54972,0.72966,0.5686199999999999,0.6900599999999999,0.6289199999999999,0.5384800000000001,0.56644,0.5606199999999999,0.57972,0.5746800000000001,0.58154,0.5575600000000001,0.54714,0.5216000000000001,0.6022000000000001,0.8901399999999999,0.5992200000000001,0.55884,0.5912200000000001,0.55826,0.5651999999999999,0.5616399999999999,0.6115200000000001,0.5788,0.5935999999999999,0.6775599999999999,0.57246,0.70288,0.5582799999999999,0.81996,0.56494,0.5518000000000001,0.5872999999999999,0.5309599999999999,0.6347,0.61144
trough_t,0.6365399999999999,0.5074399999999999,0.51912,0.62172,0.5686800000000001,0.53426,0.52026,0.5584199999999999,0.9287799999999999,0.5061,0.5080199999999999,0.5130399999999999,0.5316799999999999,0.55002,0.67892,0.56158,1.49552,0.5513999999999999,0.5425599999999999,0.7722199999999999,0.55772,0.58436,0.57806,0.6365799999999999,0.5751999999999999,0.5271600000000001,0.5642799999999999,0.5775399999999999,0.61612,0.73438,0.5313999999999999,0.98258,0.59856,0.60128,0.6513199999999999,0.8409800000000001,0.5145200000000001,0.55596,0.7372799999999999,0.84396,1.2317799999999999,0.5680399999999999,0.5583199999999999,0.64314,1.02054,0.8268199999999999,0.52058,0.5972999999999999,0.5966,0.5730999999999999,0.5891599999999999,0.5875999999999999,0.7503599999999999,0.65408,0.53664,0.5947,0.6057999999999999,0.5104599999999999,0.5415399999999999,0.5371999999999999,0.5892599999999999,1.45706,0.5514399999999999,0.5187200000000001,0.5928599999999999,0.9821,0.5948800000000001,0.53962,0.56148,0.5113399999999999,0.56918,0.6072599999999999,0.52098,0.5433600000000001,0.68024,0.62428,0.5734999999999999,0.58918,0.51312,0.51874,0.5096,0.6138399999999999,0.6613199999999999,0.6801200000000001,0.5834600000000001,0.6187799999999999,0.72662,0.55166,0.5658799999999999,0.57108,0.63324,0.6315599999999999,0.5190999999999999,0.5971599999999999,0.5443800000000001,0.52142,0.6375599999999999,0.5813599999999999,0.60002,0.57788,0.57334,0.57562,0.58388,0.59256,0.55186,0.54016,0.6025400000000001,0.63672,0.5610200000000001,0.6017999999999999,0.5379400000000001,0.60694,0.6453599999999999,0.5646199999999999,0.55738,0.58232,0.5156000000000001,1.10084,0.5523,0.5549999999999999,0.5499,0.7311799999999999,0.56934,0.6901599999999999,0.6472800000000001,0.53854,0.5668,0.5607599999999999,0.5798399999999999,0.5747,0.5820000000000001,0.55766,0.54718,0.5217799999999999,0.6025799999999999,0.93946,0.59944,0.5593999999999999,0.59148,0.56934,0.56528,0.5617399999999999,0.61168,0.6053,0.5936999999999999,0.67774,0.57386,0.7031000000000001,0.5583799999999999,0.8707799999999999,0.57684,0.5519399999999999,0.5873999999999999,0.53102,0.63472,0.6251
rheo_first_isi,0.014839999999999964,0.44386000000000014,0.01568000000000014,0.014419999999999877,,0.02303999999999995,0.023500000000000076,,0.017300000000000093,,0.045740000000000114,0.012119999999999909,0.019320000000000004,,,0.15442,,0.09807999999999995,0.0581799999999999,,,0.03523999999999994,,0.4617800000000001,,0.04391999999999996,0.03748000000000018,0.25888,0.18545999999999996,0.2747799999999998,,0.40880000000000005,0.5720400000000001,0.16637999999999997,0.15602000000000005,0.40239999999999987,0.021159999999999846,0.08928000000000003,0.22187999999999986,0.24090000000000011,,0.06319999999999992,,,0.3222799999999999,,0.03835999999999995,0.10420000000000007,,,,0.15054000000000012,0.6666800000000002,0.15871999999999997,0.5321400000000001,,,0.6173599999999999,,0.041240000000000165,,,0.11098000000000008,,0.15536000000000016,,0.01200000000000001,0.02191999999999994,,0.011159999999999837,0.08448000000000011,0.21988000000000008,,0.05253999999999981,,,,0.006320000000000103,,,0.014019999999999921,,0.25373999999999985,,0.11303999999999981,,,,,,,,,,,,,0.07150000000000012,0.08213999999999988,,0.09974000000000016,0.10243999999999986,,,0.09694000000000003,,,,0.12104000000000004,,,,0.03049999999999997,,0.05390000000000006,0.11132000000000009,,0.015700000000000047,0.013360000000000039,,,0.02526000000000006,0.08645999999999998,,,,0.048980000000000024,0.42015999999999987,0.0424199999999999,,,,,0.04167999999999994,0.07102000000000008,,0.13739999999999997,,0.03488000000000002,,,,,,,0.42433999999999994,0.08883999999999981,0.08279999999999998,,,,0.027879999999999905,,0.021740000000000093,,
v_baseline,-65.97551536560059,-72.26720369779147,-76.4384536743164,-71.7372673034668,-79.70610136144302,-68.95418701171874,-66.13443438212077,-72.68797302246094,-67.84651008019081,-55.66641044616699,-69.22428131103516,-77.04429550170899,-70.0583366394043,-69.61976051330566,-63.063154220581055,-60.11100387573242,-66.7478520320012,-59.51444320678711,-70.41503991021051,-65.74585723876953,-77.88911576704545,-60.15803871154785,-70.06650612571023,-73.80525415593928,-60.18507385253906,-72.88758511013455,-74.5180418226454,-53.372252244215744,-67.07154922485351,-60.14836665562221,-60.406512173739344,-59.726463317871094,-54.83895937601725,-62.23705588446723,-61.0957856611772,-61.82085630628798,-79.51802825927734,-69.89774932861329,-79.89145278930664,-67.39237365722656,-77.15818786621094,-63.964341481526695,-65.16072810779919,-61.098327289928086,-68.68115692138672,-69.32220993041992,-79.49364725748698,-66.28985665061258,-72.53841171264648,-59.70206206185477,-64.11371765136718,-72.78211517333985,-66.82446843927556,-61.931287384033205,-49.270678111485076,-63.75266604953342,-69.9430414835612,-61.360575612386064,-74.84441146850585,-74.84422387017145,-74.65531852028586,-60.50629552205404,-66.76635971069337,-74.26197984483507,-76.65772247314453,-68.17085350884332,-71.64097239176432,-73.59085845947266,-65.36183411734444,-70.31071048312717,-60.25927395290799,-59.572672843933105,-65.57170590487394,-72.4548094007704,-46.716590881347656,-70.67062911987304,-63.144605489877556,-66.05826984752308,-79.1631088256836,-62.59396277533637,-75.16301588578658,-68.32052612304688,-78.09511032104493,-56.00700302124024,-67.24805619981554,-61.77294158935547,-66.41994391547308,-61.811890688809484,-77.54909133911133,-67.78216409683228,-75.64973907470703,-60.60852813720703,-79.85598602294922,-66.76856104532878,-72.9614190494313,-75.51109737820096,-66.16381301879883,-66.23128301447088,-60.61214332580566,-63.110821617974175,-55.79454040527344,-65.62051963806152,-72.62939661199397,-72.68288345336914,-59.979069519042966,-53.850375747680665,-64.78558869795366,-78.49878946940105,-69.69417266845703,-67.32769536972046,-62.606968349880646,-75.83770682594992,-74.52153959728423,-56.6930534362793,-74.98022715250652,-63.46617438576438,-62.352683003743486,-68.68455696105957,-70.51967037425322,-76.66956787109375,-77.25111643473308,-58.81232729825106,-63.28139322454279,-77.4629409790039,-70.40227194393383,-64.13706588745117,-64.55495071411133,-50.042581176757814,-71.87016741434734,-49.78505270821707,-66.65049489339192,-69.71468183729384,-59.54461754692925,-71.08464584350585,-71.94806162516277,-66.9708465576172,-75.60611724853516,-69.14843292236328,-74.78640073888442,-66.40493556431362,-72.60331846538342,-71.92047253777,-70.92320081922743,-65.4348840713501,-64.17401933670044,-67.97530280219183,-63.307305653889976,-73.08829650878906,-67.59143229893276,-60.60809395530007,-67.39058780670166,-66.74425421820746,-70.36497370402019,-67.70275789148667,-63.98427073160807,-73.04834261807528
rheobase_i,310.0,290.0,370.0,380.0,150.0,270.0,239.99998474121094,260.0,239.99998474121094,320.0,380.0,320.0,280.0,130.0,70.0,40.0,119.99999237060547,29.999998092651367,160.0,29.999998092651367,160.0,50.0,140.0,100.0,40.0,280.0,80.0,10.0,50.0,20.0,90.0,20.0,50.0,59.999996185302734,80.0,59.999996185302734,380.0,80.0,170.0,260.0,190.0,80.0,40.0,50.0,270.0,110.0,140.0,110.0,100.0,80.0,150.0,80.0,40.0,20.0,29.999998092651367,70.0,50.0,40.0,140.0,180.0,210.0,110.0,80.0,150.0,119.99999237060547,50.0,29.999998092651367,190.0,100.0,239.99998474121094,10.0,40.0,150.0,160.0,20.0,160.0,80.0,29.999998092651367,330.0,59.999996185302734,400.0,90.0,80.0,20.0,59.999996185302734,80.0,50.0,50.0,110.0,119.99999237060547,100.0,59.999996185302734,200.0,90.0,170.0,150.0,40.0,40.0,29.999998092651367,59.999996185302734,59.999996185302734,59.999996185302734,90.0,80.0,59.999996185302734,170.0,140.0,119.99999237060547,70.0,119.99999237060547,100.0,140.0,260.0,29.999998092651367,119.99999237060547,80.0,230.0,119.99999237060547,430.0,90.0,119.99999237060547,70.0,80.0,70.0,50.0,50.0,210.0,29.999998092651367,119.99999237060547,70.0,50.0,80.0,50.0,160.0,80.0,80.0,50.0,100.0,320.0,110.0,80.0,119.99999237060547,70.0,90.0,59.999996185302734,80.0,40.0,59.999996185302734,80.0,40.0,70.0,140.0,130.0,249.99998474121094,110.0,140.0
fi_fit_slope,0.9978773050111787,1.5666980006266846,0.7236986845000055,1.0671642004268656,0.3969583838944886,0.9914658578303949,0.7380478803915536,0.9093039003637213,0.8137038822068764,1.2728827762378694,0.3864363001545748,0.5786753911193302,0.5457005691837971,0.720985983700717,0.28159561357779345,0.5471538059098795,0.19277951769876941,0.3831598342534378,0.2125042914117208,0.41233051879930105,0.24632845274415596,0.030714900012285978,0.16601894537890757,0.23409559100272925,-0.023541800032311894,0.1257168000502868,0.115716608882548,0.06357270002542907,0.05642970002257189,0.09643049921138912,0.011638164086928488,0.2550050979085071,0.06571560002628626,0.15286019681858662,0.1609946012690418,0.1250024982107352,0.7299714959816438,0.560011247091224,0.21250429300121063,0.16895074743600128,0.14668539816293957,0.34714982882751494,0.0757158011280067,0.03285780001314313,0.15286020006114415,0.18357510007343006,0.08357310003342924,0.29072010011628807,0.31000620012400265,0.09720194181512073,0.29680826174663044,0.36786453099620847,0.14714580139013608,0.2471640312587438,0.17000339866470968,0.11571660004628663,0.3250065001300027,1.2432391450417764,0.3023757157607608,0.2442906000977162,0.8017653007147171,0.9569635750848753,0.02866436601088618,0.8028732003211492,0.2612121143955491,0.3742932001497174,0.006428700322739968,0.2197107311543449,0.08643030003457215,0.6257267559989167,0.24000480009600197,0.30966528741674026,0.626466017692447,0.487866902927764,0.050715299123035795,0.34728183210699476,0.19857541319757996,0.021445926629352893,1.2728826005091523,0.21643289530448206,0.05436155241437703,0.4271514387390018,0.23786191922740244,0.3397795195725481,0.4514375919515636,0.31457977708358753,0.2964345001185739,0.2850057001140024,0.3142920001257169,0.2663514652885683,0.3455426251382171,0.37410927126078425,0.40022350977930493,0.5942062522575452,0.5274695685681753,0.8393025003357206,0.3764361008473535,0.3100061983256084,0.033572101110176236,0.14428859768710622,0.19428959757086467,0.5750114728113205,0.2748870415157575,0.5101998187626291,0.12357389785593477,0.13750275777991625,0.2657196001062878,0.1921466904581798,0.2985774001194309,0.011623319913174102,0.13714560005485826,0.2933094376173238,0.6408270127824267,0.010000200017624266,0.7993050682183376,0.35500712903891346,0.8328738003331491,0.9658960713796997,0.9319836076003004,0.3348281486721553,0.8364452685357157,0.7985874003194348,0.33857822905764406,0.2236531217110829,0.3181462003864549,0.4535635677785861,0.6875137232536591,0.10928789881072586,0.5459046790662023,0.16470917653647188,0.3385782001354314,0.018571801681258,0.27143400010857377,0.16767576720638888,0.5750114906930635,0.12974397584546699,0.3460783501384314,0.23857620009543054,0.480009600192004,0.30316140303388606,0.10438520395041895,0.2383684721543861,0.31857780012743103,0.2500050001000019,0.3070282426651559,0.3142920253499345,0.20786130003253983,0.32571741075830646,0.3293544366299478,0.09652366819185584,0.35000700014000286,0.7543008003017204,0.2869181807599284,0.9293288622693725,0.12065458700478357,0.09348528202791548
sag,0.013363617472350597,0.00791952759027481,0.004907943774014711,0.03375574201345444,0.041219279170036316,0.011827458627521992,0.008035050705075264,0.00909241009503603,0.048283111304044724,0.02185976132750511,0.012887620367109776,0.012237697839736938,0.062175314873456955,0.08293947577476501,0.03897279500961304,0.1565694361925125,0.05231634899973869,0.16834114491939545,0.20937608182430267,0.2826261818408966,0.09184857457876205,0.04432212561368942,0.1440415233373642,0.04698153957724571,0.09882969409227371,0.07227374613285065,0.0573885403573513,0.027637355029582977,0.03263531252741814,0.06827084720134735,0.07909276336431503,0.051788803189992905,0.03439959138631821,0.08496156334877014,0.15774013102054596,0.03290710225701332,0.01869058422744274,0.10886072367429733,0.04071282967925072,0.033958978950977325,0.02870825305581093,0.22392921149730682,0.03651933744549751,0.02020457200706005,0.06304812431335449,0.06230878457427025,0.05575354024767876,0.2526487112045288,0.26141658425331116,0.09445293992757797,0.03221019357442856,0.16092360019683838,0.011039050295948982,0.18794338405132294,0.10591962933540344,0.13559651374816895,0.1396944373846054,0.03644636645913124,0.0034272600896656513,0.0015194511506706476,0.041980624198913574,0.033431898802518845,0.07863078266382217,0.07386050373315811,0.12636777758598328,0.13442999124526978,0.08930986374616623,0.03255924582481384,0.062226735055446625,0.14252449572086334,0.04980337619781494,0.05824274569749832,0.03145954757928848,0.07150790840387344,0.013993867672979832,0.14520248770713806,0.058887653052806854,0.20776014029979706,0.011378089897334576,0.010584607720375061,-0.0037989786360412836,0.0928606316447258,0.048649534583091736,0.018296077847480774,0.17393772304058075,0.06225753203034401,0.09144902974367142,0.055018894374370575,0.09410522133111954,0.045766234397888184,0.12133656442165375,0.09188413619995117,0.06351228058338165,0.13828592002391815,0.0675693079829216,0.05778878554701805,0.20061825215816498,0.05356934666633606,0.044744815677404404,0.023237137123942375,0.04399222508072853,0.049700215458869934,0.06916529685258865,0.056691013276576996,0.040456123650074005,0.12432263046503067,0.21518804132938385,0.12434237450361252,0.18673822283744812,0.27473461627960205,0.06773310899734497,0.1326223462820053,0.041224345564842224,0.08721031248569489,0.02446616068482399,0.17146436870098114,0.02243306301534176,0.07816152274608612,0.026154855266213417,0.051526620984077454,0.061048462986946106,0.04133908823132515,0.12984347343444824,0.05412722006440163,0.1681147664785385,0.06006438657641411,0.00802499521523714,0.10944484174251556,0.0438188798725605,0.19719551503658295,0.049015793949365616,0.0504954494535923,0.045405928045511246,0.0733695924282074,0.027856068685650826,0.10861603170633316,0.05927571654319763,0.05416100099682808,0.019209254533052444,0.056945133954286575,0.15282584726810455,0.045388929545879364,0.14959099888801575,0.25931912660598755,0.3174344003200531,0.13740123808383942,0.14474539458751678,0.27806225419044495,0.13523145020008087,0.12948130071163177,0.12218907475471497,0.0064047351479530334,0.22127807140350342,0.07697451114654541,0.08969876915216446,0.03490237891674042
vm_for_sag,-77.28125,-85.5,-85.93750762939453,-82.25000762939453,-92.59375,-83.00000762939453,-79.81250762939453,-82.87500762939453,-82.34375762939453,-66.75000762939453,-77.65625762939453,-86.78125762939453,-84.40625762939453,-94.31250762939453,-89.59375,-99.21875762939453,-86.75,-97.06250762939453,-92.28125,-99.00000762939453,-94.125,-84.15625,-92.65625762939453,-96.8125,-96.65625762939453,-85.5,-97.90625762939453,-98.59375762939453,-96.0,-96.78125,-87.90625762939453,-94.125,-88.34375762939453,-91.00000762939453,-83.31250762939453,-90.3125,-87.25,-96.34375762939453,-92.21875762939453,-78.28125,-88.875,-87.81250762939453,-100.56250762939453,-99.09375762939453,-76.50000762939453,-88.875,-99.00000762939453,-85.53125762939453,-97.06250762939453,-85.28125,-80.25,-99.25,-99.15625,-98.46875762939453,-85.12500762939453,-97.18750762939453,-102.15625,-94.09375762939453,-92.96875762939453,-91.00000762939453,-87.25,-84.09375762939453,-91.90625762939453,-94.09375762939453,-96.28125,-91.4375,-101.09375762939453,-92.93750762939453,-88.71875762939453,-88.5,-99.375,-92.375,-80.09375762939453,-91.15625,-83.18750762939453,-84.71875762939453,-83.71875762939453,-99.15625,-92.75000762939453,-83.84375,-86.4375,-93.43750762939453,-97.87500762939453,-89.0,-95.875,-88.875,-99.53125762939453,-87.71875762939453,-96.8125,-88.40625762939453,-101.50000762939453,-85.43750762939453,-93.90625,-93.56250762939453,-90.78125762939453,-92.75000762939453,-102.15625,-99.34375762939453,-99.62500762939453,-80.96875,-91.62500762939453,-91.28125762939453,-99.03125762939453,-96.43750762939453,-92.93750762939453,-69.15625,-88.90625,-96.93750762939453,-98.06250762939453,-94.03125,-80.03125,-98.34375,-92.28125,-92.71875762939453,-96.0625,-82.0,-77.90625,-93.53125,-79.0,-99.96875,-95.81250762939453,-87.28125762939453,-90.84375,-95.71875762939453,-102.25,-102.50000762939453,-81.375,-73.375,-96.15625762939453,-73.34375,-98.53125,-86.84375,-82.65625762939453,-89.34375762939453,-97.46875762939453,-92.56250762939453,-101.15625762939453,-89.0,-84.09375762939453,-82.96875762939453,-96.0,-89.78125762939453,-96.93750762939453,-83.06250762939453,-99.46875,-86.09375,-93.09375,-92.00000762939453,-91.93750762939453,-95.00000762939453,-98.34375,-80.96875,-90.25000762939453,-81.71875,-87.34375,-88.5625
input_resistance,86.71874552965164,120.31253427267075,89.37488496303558,78.90636473894119,118.43761056661606,140.93761146068573,126.25007331371307,91.87484532594681,113.12507092952728,89.06243741512299,76.7187848687172,81.4063623547554,128.12484800815582,207.9687863588333,229.53128814697266,428.1249940395355,175.31248927116394,317.65618920326233,161.4062786102295,273.59384298324585,134.2187523841858,191.25007092952728,199.06237721443176,205.00002801418304,294.06261444091797,110.93734204769135,192.96886026859283,361.56249046325684,246.56249582767487,297.3438501358032,231.5625250339508,339.37498927116394,306.562602519989,239.84381556510925,190.00014662742615,249.531090259552,71.0935965180397,230.93752562999725,106.09378665685654,100.15613585710526,83.59367400407791,203.59370112419128,300.93738436698914,370.78121304512024,72.3438635468483,165.62515497207642,138.28131556510925,144.3749964237213,185.7810914516449,202.96870172023773,145.93765139579773,231.0938984155655,300.9375035762787,325.3124952316284,311.56253814697266,308.59389901161194,336.87490224838257,214.21878039836884,172.1874624490738,137.34374940395355,104.53136265277863,211.0937386751175,235.93761026859283,172.34370112419128,148.12496304512024,204.21874523162842,219.6875661611557,177.49984562397003,176.17186903953552,165.15639424324036,291.4062440395355,297.1876561641693,124.37499314546585,164.0625,260.1562738418579,118.90628188848495,179.5312464237213,275.9374976158142,125.1562088727951,191.2500262260437,113.28125,215.9375250339508,207.4999213218689,290.46884179115295,258.12503695487976,234.99999940395355,328.5938501358032,230.9376448392868,174.84374344348907,156.71879053115845,226.71863436698914,214.9999886751175,123.90624731779099,216.7188972234726,143.74998211860657,146.25011384487152,362.34378814697266,271.2500989437103,331.718772649765,146.56250178813934,287.04044222831726,213.12499046325684,236.2498790025711,208.2812786102295,319.68748569488525,149.8437225818634,210.93738079071045,147.8126049041748,399.21873807907104,223.43748807907104,162.0311737060547,194.21881437301636,163.12499344348907,310.78121066093445,179.0626496076584,146.24999463558197,134.53124463558197,206.093892455101,70.93749940395355,209.21888947486877,162.8125011920929,242.49999225139618,235.78113317489624,149.8437523841858,271.71874046325684,332.4998617172241,141.71886444091797,194.84378397464752,216.56249463558197,194.5311725139618,335.4686498641968,142.5001174211502,210.15624701976776,141.56261086463928,262.03134655952454,228.74991595745087,321.09373807907104,175.62511563301086,83.43745768070221,162.968710064888,214.21882510185242,150.93742311000824,196.7187374830246,152.50010788440704,269.06245946884155,159.53128039836884,271.09384536743164,157.0313572883606,210.46890318393707,304.9999475479126,290.9373342990875,135.3124976158142,170.00000178813934,120.4686313867569,204.0625661611557,131.718710064888
tau,0.0067763397457293,0.00767170547419924,0.004697493604777875,0.0067031725088954434,0.00705506853077912,0.00910763697072747,0.007358431745642515,0.007138098937788282,0.006696203773838167,0.006160670488295038,0.006046578645207924,0.00860246068406676,0.009931611150670937,0.017444596752866554,0.014445449798529311,0.029699393310406975,0.011436594063912214,0.0262575916106272,0.012440069108273433,0.022675078871636077,0.01488945379485685,0.014992643647046701,0.011165978735266147,0.010707332456162675,0.02052280479193344,0.011196494779425695,0.013179574090367099,0.04685756026634784,0.024793241948635233,0.04940741431064199,0.031147812605329082,0.05926173171099373,0.033004100568726026,0.03893870754987087,0.03279220745456548,0.04555596479841463,0.006946607845314151,0.012727344073258956,0.005847788771934724,0.006336786640028136,0.006079536586672035,0.021613265208560127,0.033750738045353744,0.038577081133381846,0.00707203304668836,0.013804635022072569,0.008755295123806222,0.019048722819426725,0.018497967487593064,0.014293439604005717,0.014364926949135435,0.014766105598777092,0.046381589718157375,0.039057252068073534,0.03376635765941842,0.02608895705700688,0.037112873141056164,0.010721280227248409,0.012354243670337188,0.014543274713402525,0.008479342711506337,0.012694289330867695,0.02886422898360431,0.008907359800920278,0.018589876490343396,0.019483020143947878,0.013408994926588036,0.01324176410286887,0.026660630526459263,0.008224757980297016,0.011625473978750845,0.02893474636346458,0.006636290651610933,0.012479545583485095,0.016691413952646846,0.01027375202583815,0.025445348944707458,0.019970604569151534,0.00797950586773196,0.01327178362196467,0.007325922485625411,0.02065319757500423,0.015491168946351698,0.040545361017575374,0.0239060803239083,0.022599958287842916,0.02429982256994414,0.017420048778723166,0.0119372541039014,0.018528360260508078,0.018095504544551194,0.0200644398873622,0.007188296058491507,0.01729749206358583,0.011463041213550107,0.007613158068857578,0.03763064118731074,0.014905292461918823,0.019199689058969835,0.012655044466403038,0.016806721507642793,0.012212508324335729,0.02373420354270683,0.013421995016352915,0.027664603238468272,0.009915173968750196,0.01870637306792928,0.01860933043299899,0.029676972730415047,0.023651049547053736,0.010918078490742377,0.018405925792822197,0.0070167234093335695,0.021829876856255544,0.007786105602120867,0.016142785141797344,0.007522033513658633,0.012534936422468036,0.005706577856738813,0.012932146041696015,0.009329083398527973,0.009646538853081072,0.02082414061991738,0.018091677900711835,0.026563793407224374,0.020312744190809764,0.17905011396252743,0.0267479874642482,0.015612707695884857,0.01622425177646322,0.025437147979323168,0.01068575537981269,0.02371738854607992,0.011980808487599557,0.016971094334187052,0.03365168237896558,0.021213831822928936,0.01154061098122248,0.005099508721729716,0.011333524178005499,0.01617432331215664,0.012552025724641199,0.02239081214861227,0.01786328319472414,0.023928944229331502,0.018994160686569176,0.032174775666159616,0.015745294041589517,0.017241172926088108,0.042167148062697744,0.015986647571195486,0.009912937553840831,0.015944166437102135,0.007964085294085875,0.019316248615790663,0.01813642783840739
